<?xml version="1.0" encoding="UTF-8" ?>
<module>
    <name>plonka_products</name>
    <displayName><![CDATA[Display products]]></displayName>
    <version><![CDATA[1.0.65]]></version>
    <description><![CDATA[Display products on homepage]]></description>
    <author><![CDATA[Plonka]]></author>
    <tab><![CDATA[front_office_features]]></tab>
	<confirmUninstall><![CDATA[Are you sure you want to uninstall?]]></confirmUninstall>
    <is_configurable>1</is_configurable>
    <need_instance>0</need_instance>
	<limited_countries></limited_countries>
</module>